{
  "version": "1.0",
  "defaultProvider": "cdnjs",
  "libraries": [
    {
      "library": "jquery@3.6.4",
      "files": [
        "jquery.min.js",
        "jquery.js",
        "jquery.min.map"
      ],
      "destination": "wwwroot/lib/jquery/"
    },
    {
      "provider": "unpkg",
      "library": "bootstrap@5.2.3",
      "destination": "wwwroot/lib/bootstrap/"
    },
    {
      "provider": "cdnjs",
      "library": "font-awesome@6.4.0",
      "destination": "wwwroot/lib/font-awesome/"
    },
    {
      "library": "jquery-validate@1.19.5",
      "destination": "wwwroot/lib/jquery-validation",
      "files": [ "jquery.validate.min.js" ]
    },
    {
      "library": "jquery-validation-unobtrusive@4.0.0",
      "destination": "wwwroot/lib/jquery-validation-unobtrusive",
      "files": [ "jquery.validate.unobtrusive.min.js" ]
    }
  ]

}